"genuspec","Longevity"
"abiebals",200
"acerrubr",235
"acersacc",300
"betualle",300
"betulent",250
"betupapy",150
"betupopu",150
"caryglab",200
"fagugran",300
"fraxamer",300
"fraxnigr",150
"larilari",180
"ostrvirg",110
"piceglau",300
"picemari",215
"picerube",350
"pinuresi",250
"pinurigi",200
"pinustro",400
"pinutaed",350
"popubals",150
"popugran",110
"poputrem",110
"prunsero",200
"queralba",400
"quercocc",150
"querprin",300
"querrubr",250
"quervelu",120
"thujocci",800
"tiliamer",250
"tsugcana",500
"ulmuamer",85
