<landisMetadata><extension name="Biomass Harvest" timeInterval="1"><scenario-replication timeMin="0" timeMax="19" rasterOutCellArea="1" /><outputs><output type="Table" name="EventLog" filePath="output/harvest/harvest_log.csv" visualize="False" MetadataFilePath="Metadata\Biomass Harvest\EventLog_Metadata.xml" /><output type="Table" name="SummaryLog" filePath="output/harvest/harvest_summary_log.csv" visualize="True" MetadataFilePath="Metadata\Biomass Harvest\SummaryLog_Metadata.xml" /><output type="Map" name="prescription" filePath="output/harvest/harvest_prescripts_{timestep}.img" visualize="True" unit="" dataType="Nominal" /></outputs></extension></landisMetadata>
