<landisMetadata><output><extension name="Biomass Harvest" metadataFilePath="Biomass Harvest.xml" /><fields><field name="Time" description="Harvest Year" unit="year" /><field name="ManagementArea" description="Management Area" /><field name="Prescription" description="Prescription Name" /><field name="Stand" description="Stand" /><field name="EventID" description="Event ID" /><field name="StandAge" description="Stand Age" unit="year" /><field name="StandRank" description="Stand Rank" /><field name="NumberOfSites" description="Number of Sites" unit="count" /><field name="HarvestedSites" description="Number of Sites Harvested" unit="count" /><field name="MgBiomassRemoved" description="Biomass Removed (Mg)" unit="Mg ha-1" format="0.0000" /><field name="MgBioRemovedPerDamagedHa" description="Biomass Removed (Mg) per damaged hectare" unit="Mg ha-1" format="0.0000" /><field name="TotalCohortsPartialHarvest" description="Number of Cohorts Partially Harvested" unit="count" /><field name="TotalCohortsCompleteHarvest" description="Number of Cohorts Completely Harvested" unit="count" /><field name="CohortsHarvested_abiebals" description="Species Cohorts Harvested by Species" unit="count" /><field name="CohortsHarvested_acerrubr" description="Species Cohorts Harvested by Species" unit="count" /><field name="CohortsHarvested_acersacc" description="Species Cohorts Harvested by Species" unit="count" /><field name="CohortsHarvested_betualle" description="Species Cohorts Harvested by Species" unit="count" /><field name="CohortsHarvested_betulent" description="Species Cohorts Harvested by Species" unit="count" /><field name="CohortsHarvested_betupapy" description="Species Cohorts Harvested by Species" unit="count" /><field name="CohortsHarvested_betupopu" description="Species Cohorts Harvested by Species" unit="count" /><field name="CohortsHarvested_caryglab" description="Species Cohorts Harvested by Species" unit="count" /><field name="CohortsHarvested_fagugran" description="Species Cohorts Harvested by Species" unit="count" /><field name="CohortsHarvested_fraxamer" description="Species Cohorts Harvested by Species" unit="count" /><field name="CohortsHarvested_fraxnigr" description="Species Cohorts Harvested by Species" unit="count" /><field name="CohortsHarvested_larilari" description="Species Cohorts Harvested by Species" unit="count" /><field name="CohortsHarvested_ostrvirg" description="Species Cohorts Harvested by Species" unit="count" /><field name="CohortsHarvested_piceglau" description="Species Cohorts Harvested by Species" unit="count" /><field name="CohortsHarvested_picemari" description="Species Cohorts Harvested by Species" unit="count" /><field name="CohortsHarvested_picerube" description="Species Cohorts Harvested by Species" unit="count" /><field name="CohortsHarvested_pinuresi" description="Species Cohorts Harvested by Species" unit="count" /><field name="CohortsHarvested_pinurigi" description="Species Cohorts Harvested by Species" unit="count" /><field name="CohortsHarvested_pinustro" description="Species Cohorts Harvested by Species" unit="count" /><field name="CohortsHarvested_pinutaed" description="Species Cohorts Harvested by Species" unit="count" /><field name="CohortsHarvested_popubals" description="Species Cohorts Harvested by Species" unit="count" /><field name="CohortsHarvested_popugran" description="Species Cohorts Harvested by Species" unit="count" /><field name="CohortsHarvested_poputrem" description="Species Cohorts Harvested by Species" unit="count" /><field name="CohortsHarvested_prunsero" description="Species Cohorts Harvested by Species" unit="count" /><field name="CohortsHarvested_queralba" description="Species Cohorts Harvested by Species" unit="count" /><field name="CohortsHarvested_quercocc" description="Species Cohorts Harvested by Species" unit="count" /><field name="CohortsHarvested_querprin" description="Species Cohorts Harvested by Species" unit="count" /><field name="CohortsHarvested_querrubr" description="Species Cohorts Harvested by Species" unit="count" /><field name="CohortsHarvested_quervelu" description="Species Cohorts Harvested by Species" unit="count" /><field name="CohortsHarvested_thujocci" description="Species Cohorts Harvested by Species" unit="count" /><field name="CohortsHarvested_tiliamer" description="Species Cohorts Harvested by Species" unit="count" /><field name="CohortsHarvested_tsugcana" description="Species Cohorts Harvested by Species" unit="count" /><field name="CohortsHarvested_ulmuamer" description="Species Cohorts Harvested by Species" unit="count" /><field name="BiomassHarvestedMg_abiebals" description="Biomass Harvested by Species (Mg)" unit="" /><field name="BiomassHarvestedMg_acerrubr" description="Biomass Harvested by Species (Mg)" unit="" /><field name="BiomassHarvestedMg_acersacc" description="Biomass Harvested by Species (Mg)" unit="" /><field name="BiomassHarvestedMg_betualle" description="Biomass Harvested by Species (Mg)" unit="" /><field name="BiomassHarvestedMg_betulent" description="Biomass Harvested by Species (Mg)" unit="" /><field name="BiomassHarvestedMg_betupapy" description="Biomass Harvested by Species (Mg)" unit="" /><field name="BiomassHarvestedMg_betupopu" description="Biomass Harvested by Species (Mg)" unit="" /><field name="BiomassHarvestedMg_caryglab" description="Biomass Harvested by Species (Mg)" unit="" /><field name="BiomassHarvestedMg_fagugran" description="Biomass Harvested by Species (Mg)" unit="" /><field name="BiomassHarvestedMg_fraxamer" description="Biomass Harvested by Species (Mg)" unit="" /><field name="BiomassHarvestedMg_fraxnigr" description="Biomass Harvested by Species (Mg)" unit="" /><field name="BiomassHarvestedMg_larilari" description="Biomass Harvested by Species (Mg)" unit="" /><field name="BiomassHarvestedMg_ostrvirg" description="Biomass Harvested by Species (Mg)" unit="" /><field name="BiomassHarvestedMg_piceglau" description="Biomass Harvested by Species (Mg)" unit="" /><field name="BiomassHarvestedMg_picemari" description="Biomass Harvested by Species (Mg)" unit="" /><field name="BiomassHarvestedMg_picerube" description="Biomass Harvested by Species (Mg)" unit="" /><field name="BiomassHarvestedMg_pinuresi" description="Biomass Harvested by Species (Mg)" unit="" /><field name="BiomassHarvestedMg_pinurigi" description="Biomass Harvested by Species (Mg)" unit="" /><field name="BiomassHarvestedMg_pinustro" description="Biomass Harvested by Species (Mg)" unit="" /><field name="BiomassHarvestedMg_pinutaed" description="Biomass Harvested by Species (Mg)" unit="" /><field name="BiomassHarvestedMg_popubals" description="Biomass Harvested by Species (Mg)" unit="" /><field name="BiomassHarvestedMg_popugran" description="Biomass Harvested by Species (Mg)" unit="" /><field name="BiomassHarvestedMg_poputrem" description="Biomass Harvested by Species (Mg)" unit="" /><field name="BiomassHarvestedMg_prunsero" description="Biomass Harvested by Species (Mg)" unit="" /><field name="BiomassHarvestedMg_queralba" description="Biomass Harvested by Species (Mg)" unit="" /><field name="BiomassHarvestedMg_quercocc" description="Biomass Harvested by Species (Mg)" unit="" /><field name="BiomassHarvestedMg_querprin" description="Biomass Harvested by Species (Mg)" unit="" /><field name="BiomassHarvestedMg_querrubr" description="Biomass Harvested by Species (Mg)" unit="" /><field name="BiomassHarvestedMg_quervelu" description="Biomass Harvested by Species (Mg)" unit="" /><field name="BiomassHarvestedMg_thujocci" description="Biomass Harvested by Species (Mg)" unit="" /><field name="BiomassHarvestedMg_tiliamer" description="Biomass Harvested by Species (Mg)" unit="" /><field name="BiomassHarvestedMg_tsugcana" description="Biomass Harvested by Species (Mg)" unit="" /><field name="BiomassHarvestedMg_ulmuamer" description="Biomass Harvested by Species (Mg)" unit="" /></fields></output></landisMetadata>
