<landisMetadata><output><extension name="Biomass Harvest" metadataFilePath="Biomass Harvest.xml" /><fields><field name="Time" description="Simulation Year" unit="year" /><field name="ManagementArea" description="Management Area" /><field name="Prescription" description="Prescription Name" /><field name="HarvestedSites" description="Harvested Sites" unit="count" /><field name="TotalCohortsCompleteHarvest" description="Total Cohorts Complete Harvest" unit="count" /><field name="TotalCohortsPartialHarvest" description="Total Cohorts Partial Harvest" unit="count" /><field name="TotalBiomassHarvested" description="Total Biomass Harvested (Mg)" unit="" /><field name="CohortsHarvested_abiebals" description="Number of Cohorts Harvested by Species" unit="count" /><field name="CohortsHarvested_acerrubr" description="Number of Cohorts Harvested by Species" unit="count" /><field name="CohortsHarvested_acersacc" description="Number of Cohorts Harvested by Species" unit="count" /><field name="CohortsHarvested_betualle" description="Number of Cohorts Harvested by Species" unit="count" /><field name="CohortsHarvested_betulent" description="Number of Cohorts Harvested by Species" unit="count" /><field name="CohortsHarvested_betupapy" description="Number of Cohorts Harvested by Species" unit="count" /><field name="CohortsHarvested_betupopu" description="Number of Cohorts Harvested by Species" unit="count" /><field name="CohortsHarvested_caryglab" description="Number of Cohorts Harvested by Species" unit="count" /><field name="CohortsHarvested_fagugran" description="Number of Cohorts Harvested by Species" unit="count" /><field name="CohortsHarvested_fraxamer" description="Number of Cohorts Harvested by Species" unit="count" /><field name="CohortsHarvested_fraxnigr" description="Number of Cohorts Harvested by Species" unit="count" /><field name="CohortsHarvested_larilari" description="Number of Cohorts Harvested by Species" unit="count" /><field name="CohortsHarvested_ostrvirg" description="Number of Cohorts Harvested by Species" unit="count" /><field name="CohortsHarvested_piceglau" description="Number of Cohorts Harvested by Species" unit="count" /><field name="CohortsHarvested_picemari" description="Number of Cohorts Harvested by Species" unit="count" /><field name="CohortsHarvested_picerube" description="Number of Cohorts Harvested by Species" unit="count" /><field name="CohortsHarvested_pinuresi" description="Number of Cohorts Harvested by Species" unit="count" /><field name="CohortsHarvested_pinurigi" description="Number of Cohorts Harvested by Species" unit="count" /><field name="CohortsHarvested_pinustro" description="Number of Cohorts Harvested by Species" unit="count" /><field name="CohortsHarvested_pinutaed" description="Number of Cohorts Harvested by Species" unit="count" /><field name="CohortsHarvested_popubals" description="Number of Cohorts Harvested by Species" unit="count" /><field name="CohortsHarvested_popugran" description="Number of Cohorts Harvested by Species" unit="count" /><field name="CohortsHarvested_poputrem" description="Number of Cohorts Harvested by Species" unit="count" /><field name="CohortsHarvested_prunsero" description="Number of Cohorts Harvested by Species" unit="count" /><field name="CohortsHarvested_queralba" description="Number of Cohorts Harvested by Species" unit="count" /><field name="CohortsHarvested_quercocc" description="Number of Cohorts Harvested by Species" unit="count" /><field name="CohortsHarvested_querprin" description="Number of Cohorts Harvested by Species" unit="count" /><field name="CohortsHarvested_querrubr" description="Number of Cohorts Harvested by Species" unit="count" /><field name="CohortsHarvested_quervelu" description="Number of Cohorts Harvested by Species" unit="count" /><field name="CohortsHarvested_thujocci" description="Number of Cohorts Harvested by Species" unit="count" /><field name="CohortsHarvested_tiliamer" description="Number of Cohorts Harvested by Species" unit="count" /><field name="CohortsHarvested_tsugcana" description="Number of Cohorts Harvested by Species" unit="count" /><field name="CohortsHarvested_ulmuamer" description="Number of Cohorts Harvested by Species" unit="count" /><field name="BiomassHarvestedMg_abiebals" description="Biomass Harvested by Species (Mg)" unit="" /><field name="BiomassHarvestedMg_acerrubr" description="Biomass Harvested by Species (Mg)" unit="" /><field name="BiomassHarvestedMg_acersacc" description="Biomass Harvested by Species (Mg)" unit="" /><field name="BiomassHarvestedMg_betualle" description="Biomass Harvested by Species (Mg)" unit="" /><field name="BiomassHarvestedMg_betulent" description="Biomass Harvested by Species (Mg)" unit="" /><field name="BiomassHarvestedMg_betupapy" description="Biomass Harvested by Species (Mg)" unit="" /><field name="BiomassHarvestedMg_betupopu" description="Biomass Harvested by Species (Mg)" unit="" /><field name="BiomassHarvestedMg_caryglab" description="Biomass Harvested by Species (Mg)" unit="" /><field name="BiomassHarvestedMg_fagugran" description="Biomass Harvested by Species (Mg)" unit="" /><field name="BiomassHarvestedMg_fraxamer" description="Biomass Harvested by Species (Mg)" unit="" /><field name="BiomassHarvestedMg_fraxnigr" description="Biomass Harvested by Species (Mg)" unit="" /><field name="BiomassHarvestedMg_larilari" description="Biomass Harvested by Species (Mg)" unit="" /><field name="BiomassHarvestedMg_ostrvirg" description="Biomass Harvested by Species (Mg)" unit="" /><field name="BiomassHarvestedMg_piceglau" description="Biomass Harvested by Species (Mg)" unit="" /><field name="BiomassHarvestedMg_picemari" description="Biomass Harvested by Species (Mg)" unit="" /><field name="BiomassHarvestedMg_picerube" description="Biomass Harvested by Species (Mg)" unit="" /><field name="BiomassHarvestedMg_pinuresi" description="Biomass Harvested by Species (Mg)" unit="" /><field name="BiomassHarvestedMg_pinurigi" description="Biomass Harvested by Species (Mg)" unit="" /><field name="BiomassHarvestedMg_pinustro" description="Biomass Harvested by Species (Mg)" unit="" /><field name="BiomassHarvestedMg_pinutaed" description="Biomass Harvested by Species (Mg)" unit="" /><field name="BiomassHarvestedMg_popubals" description="Biomass Harvested by Species (Mg)" unit="" /><field name="BiomassHarvestedMg_popugran" description="Biomass Harvested by Species (Mg)" unit="" /><field name="BiomassHarvestedMg_poputrem" description="Biomass Harvested by Species (Mg)" unit="" /><field name="BiomassHarvestedMg_prunsero" description="Biomass Harvested by Species (Mg)" unit="" /><field name="BiomassHarvestedMg_queralba" description="Biomass Harvested by Species (Mg)" unit="" /><field name="BiomassHarvestedMg_quercocc" description="Biomass Harvested by Species (Mg)" unit="" /><field name="BiomassHarvestedMg_querprin" description="Biomass Harvested by Species (Mg)" unit="" /><field name="BiomassHarvestedMg_querrubr" description="Biomass Harvested by Species (Mg)" unit="" /><field name="BiomassHarvestedMg_quervelu" description="Biomass Harvested by Species (Mg)" unit="" /><field name="BiomassHarvestedMg_thujocci" description="Biomass Harvested by Species (Mg)" unit="" /><field name="BiomassHarvestedMg_tiliamer" description="Biomass Harvested by Species (Mg)" unit="" /><field name="BiomassHarvestedMg_tsugcana" description="Biomass Harvested by Species (Mg)" unit="" /><field name="BiomassHarvestedMg_ulmuamer" description="Biomass Harvested by Species (Mg)" unit="" /></fields></output></landisMetadata>
