<landisMetadata><extension name="Output-PnET" timeInterval="5"><scenario-replication timeMin="0" timeMax="80" rasterOutCellArea="1" /><outputs><output type="Map" name="output/LeafAreaIndex/lai{timestep}.img" filePath="output/LeafAreaIndex/lai{timestep}.img" visualize="True" unit="" dataType="Continuous" /><output type="Map" name="output/LeafAreaIndex/lai{timestep}.img" filePath="output/LeafAreaIndex/lai{timestep}.img" visualize="True" unit="" dataType="Continuous" /><output type="Map" name="output/LeafAreaIndex/lai{timestep}.img" filePath="output/LeafAreaIndex/lai{timestep}.img" visualize="True" unit="" dataType="Continuous" /><output type="Map" name="output/LeafAreaIndex/lai{timestep}.img" filePath="output/LeafAreaIndex/lai{timestep}.img" visualize="True" unit="" dataType="Continuous" /><output type="Map" name="output/LeafAreaIndex/lai{timestep}.img" filePath="output/LeafAreaIndex/lai{timestep}.img" visualize="True" unit="" dataType="Continuous" /><output type="Map" name="output/LeafAreaIndex/lai{timestep}.img" filePath="output/LeafAreaIndex/lai{timestep}.img" visualize="True" unit="" dataType="Continuous" /><output type="Map" name="output/LeafAreaIndex/lai{timestep}.img" filePath="output/LeafAreaIndex/lai{timestep}.img" visualize="True" unit="" dataType="Continuous" /><output type="Map" name="output/LeafAreaIndex/lai{timestep}.img" filePath="output/LeafAreaIndex/lai{timestep}.img" visualize="True" unit="" dataType="Continuous" /><output type="Map" name="output/LeafAreaIndex/lai{timestep}.img" filePath="output/LeafAreaIndex/lai{timestep}.img" visualize="True" unit="" dataType="Continuous" /><output type="Map" name="output/LeafAreaIndex/lai{timestep}.img" filePath="output/LeafAreaIndex/lai{timestep}.img" visualize="True" unit="" dataType="Continuous" /><output type="Map" name="output/LeafAreaIndex/lai{timestep}.img" filePath="output/LeafAreaIndex/lai{timestep}.img" visualize="True" unit="" dataType="Continuous" /><output type="Map" name="output/LeafAreaIndex/lai{timestep}.img" filePath="output/LeafAreaIndex/lai{timestep}.img" visualize="True" unit="" dataType="Continuous" /><output type="Map" name="output/LeafAreaIndex/lai{timestep}.img" filePath="output/LeafAreaIndex/lai{timestep}.img" visualize="True" unit="" dataType="Continuous" /><output type="Map" name="output/LeafAreaIndex/lai{timestep}.img" filePath="output/LeafAreaIndex/lai{timestep}.img" visualize="True" unit="" dataType="Continuous" /><output type="Map" name="output/LeafAreaIndex/lai{timestep}.img" filePath="output/LeafAreaIndex/lai{timestep}.img" visualize="True" unit="" dataType="Continuous" /><output type="Map" name="output/LeafAreaIndex/lai{timestep}.img" filePath="output/LeafAreaIndex/lai{timestep}.img" visualize="True" unit="" dataType="Continuous" /><output type="Map" name="output/LeafAreaIndex/lai{timestep}.img" filePath="output/LeafAreaIndex/lai{timestep}.img" visualize="True" unit="" dataType="Continuous" /><output type="Map" name="output/LeafAreaIndex/lai{timestep}.img" filePath="output/LeafAreaIndex/lai{timestep}.img" visualize="True" unit="" dataType="Continuous" /><output type="Map" name="output/LeafAreaIndex/lai{timestep}.img" filePath="output/LeafAreaIndex/lai{timestep}.img" visualize="True" unit="" dataType="Continuous" /><output type="Map" name="output/LeafAreaIndex/lai{timestep}.img" filePath="output/LeafAreaIndex/lai{timestep}.img" visualize="True" unit="" dataType="Continuous" /><output type="Map" name="output/LeafAreaIndex/lai{timestep}.img" filePath="output/LeafAreaIndex/lai{timestep}.img" visualize="True" unit="" dataType="Continuous" /><output type="Map" name="output/LeafAreaIndex/lai{timestep}.img" filePath="output/LeafAreaIndex/lai{timestep}.img" visualize="True" unit="" dataType="Continuous" /><output type="Map" name="output/LeafAreaIndex/lai{timestep}.img" filePath="output/LeafAreaIndex/lai{timestep}.img" visualize="True" unit="" dataType="Continuous" /><output type="Map" name="output/LeafAreaIndex/lai{timestep}.img" filePath="output/LeafAreaIndex/lai{timestep}.img" visualize="True" unit="" dataType="Continuous" /><output type="Map" name="output/LeafAreaIndex/lai{timestep}.img" filePath="output/LeafAreaIndex/lai{timestep}.img" visualize="True" unit="" dataType="Continuous" /><output type="Map" name="output/LeafAreaIndex/lai{timestep}.img" filePath="output/LeafAreaIndex/lai{timestep}.img" visualize="True" unit="" dataType="Continuous" /><output type="Map" name="output/LeafAreaIndex/lai{timestep}.img" filePath="output/LeafAreaIndex/lai{timestep}.img" visualize="True" unit="" dataType="Continuous" /><output type="Map" name="output/LeafAreaIndex/lai{timestep}.img" filePath="output/LeafAreaIndex/lai{timestep}.img" visualize="True" unit="" dataType="Continuous" /><output type="Map" name="output/LeafAreaIndex/lai{timestep}.img" filePath="output/LeafAreaIndex/lai{timestep}.img" visualize="True" unit="" dataType="Continuous" /><output type="Map" name="output/LeafAreaIndex/lai{timestep}.img" filePath="output/LeafAreaIndex/lai{timestep}.img" visualize="True" unit="" dataType="Continuous" /><output type="Map" name="output/LeafAreaIndex/lai{timestep}.img" filePath="output/LeafAreaIndex/lai{timestep}.img" visualize="True" unit="" dataType="Continuous" /><output type="Map" name="output/LeafAreaIndex/lai{timestep}.img" filePath="output/LeafAreaIndex/lai{timestep}.img" visualize="True" unit="" dataType="Continuous" /><output type="Map" name="output/LeafAreaIndex/lai{timestep}.img" filePath="output/LeafAreaIndex/lai{timestep}.img" visualize="True" unit="" dataType="Continuous" /><output type="Map" name="output/agbiomass/AGBiomass_abiebals_{timestep}.img" filePath="output/agbiomass/AGBiomass_abiebals_{timestep}.img" visualize="True" unit="" dataType="Continuous" /><output type="Map" name="output/agbiomass/AGBiomass_acerrubr_{timestep}.img" filePath="output/agbiomass/AGBiomass_acerrubr_{timestep}.img" visualize="True" unit="" dataType="Continuous" /><output type="Map" name="output/agbiomass/AGBiomass_acersacc_{timestep}.img" filePath="output/agbiomass/AGBiomass_acersacc_{timestep}.img" visualize="True" unit="" dataType="Continuous" /><output type="Map" name="output/agbiomass/AGBiomass_betualle_{timestep}.img" filePath="output/agbiomass/AGBiomass_betualle_{timestep}.img" visualize="True" unit="" dataType="Continuous" /><output type="Map" name="output/agbiomass/AGBiomass_betulent_{timestep}.img" filePath="output/agbiomass/AGBiomass_betulent_{timestep}.img" visualize="True" unit="" dataType="Continuous" /><output type="Map" name="output/agbiomass/AGBiomass_betupapy_{timestep}.img" filePath="output/agbiomass/AGBiomass_betupapy_{timestep}.img" visualize="True" unit="" dataType="Continuous" /><output type="Map" name="output/agbiomass/AGBiomass_betupopu_{timestep}.img" filePath="output/agbiomass/AGBiomass_betupopu_{timestep}.img" visualize="True" unit="" dataType="Continuous" /><output type="Map" name="output/agbiomass/AGBiomass_caryglab_{timestep}.img" filePath="output/agbiomass/AGBiomass_caryglab_{timestep}.img" visualize="True" unit="" dataType="Continuous" /><output type="Map" name="output/agbiomass/AGBiomass_fagugran_{timestep}.img" filePath="output/agbiomass/AGBiomass_fagugran_{timestep}.img" visualize="True" unit="" dataType="Continuous" /><output type="Map" name="output/agbiomass/AGBiomass_fraxamer_{timestep}.img" filePath="output/agbiomass/AGBiomass_fraxamer_{timestep}.img" visualize="True" unit="" dataType="Continuous" /><output type="Map" name="output/agbiomass/AGBiomass_fraxnigr_{timestep}.img" filePath="output/agbiomass/AGBiomass_fraxnigr_{timestep}.img" visualize="True" unit="" dataType="Continuous" /><output type="Map" name="output/agbiomass/AGBiomass_larilari_{timestep}.img" filePath="output/agbiomass/AGBiomass_larilari_{timestep}.img" visualize="True" unit="" dataType="Continuous" /><output type="Map" name="output/agbiomass/AGBiomass_ostrvirg_{timestep}.img" filePath="output/agbiomass/AGBiomass_ostrvirg_{timestep}.img" visualize="True" unit="" dataType="Continuous" /><output type="Map" name="output/agbiomass/AGBiomass_piceglau_{timestep}.img" filePath="output/agbiomass/AGBiomass_piceglau_{timestep}.img" visualize="True" unit="" dataType="Continuous" /><output type="Map" name="output/agbiomass/AGBiomass_picemari_{timestep}.img" filePath="output/agbiomass/AGBiomass_picemari_{timestep}.img" visualize="True" unit="" dataType="Continuous" /><output type="Map" name="output/agbiomass/AGBiomass_picerube_{timestep}.img" filePath="output/agbiomass/AGBiomass_picerube_{timestep}.img" visualize="True" unit="" dataType="Continuous" /><output type="Map" name="output/agbiomass/AGBiomass_pinuresi_{timestep}.img" filePath="output/agbiomass/AGBiomass_pinuresi_{timestep}.img" visualize="True" unit="" dataType="Continuous" /><output type="Map" name="output/agbiomass/AGBiomass_pinurigi_{timestep}.img" filePath="output/agbiomass/AGBiomass_pinurigi_{timestep}.img" visualize="True" unit="" dataType="Continuous" /><output type="Map" name="output/agbiomass/AGBiomass_pinustro_{timestep}.img" filePath="output/agbiomass/AGBiomass_pinustro_{timestep}.img" visualize="True" unit="" dataType="Continuous" /><output type="Map" name="output/agbiomass/AGBiomass_pinutaed_{timestep}.img" filePath="output/agbiomass/AGBiomass_pinutaed_{timestep}.img" visualize="True" unit="" dataType="Continuous" /><output type="Map" name="output/agbiomass/AGBiomass_popubals_{timestep}.img" filePath="output/agbiomass/AGBiomass_popubals_{timestep}.img" visualize="True" unit="" dataType="Continuous" /><output type="Map" name="output/agbiomass/AGBiomass_popugran_{timestep}.img" filePath="output/agbiomass/AGBiomass_popugran_{timestep}.img" visualize="True" unit="" dataType="Continuous" /><output type="Map" name="output/agbiomass/AGBiomass_poputrem_{timestep}.img" filePath="output/agbiomass/AGBiomass_poputrem_{timestep}.img" visualize="True" unit="" dataType="Continuous" /><output type="Map" name="output/agbiomass/AGBiomass_prunsero_{timestep}.img" filePath="output/agbiomass/AGBiomass_prunsero_{timestep}.img" visualize="True" unit="" dataType="Continuous" /><output type="Map" name="output/agbiomass/AGBiomass_queralba_{timestep}.img" filePath="output/agbiomass/AGBiomass_queralba_{timestep}.img" visualize="True" unit="" dataType="Continuous" /><output type="Map" name="output/agbiomass/AGBiomass_quercocc_{timestep}.img" filePath="output/agbiomass/AGBiomass_quercocc_{timestep}.img" visualize="True" unit="" dataType="Continuous" /><output type="Map" name="output/agbiomass/AGBiomass_querprin_{timestep}.img" filePath="output/agbiomass/AGBiomass_querprin_{timestep}.img" visualize="True" unit="" dataType="Continuous" /><output type="Map" name="output/agbiomass/AGBiomass_querrubr_{timestep}.img" filePath="output/agbiomass/AGBiomass_querrubr_{timestep}.img" visualize="True" unit="" dataType="Continuous" /><output type="Map" name="output/agbiomass/AGBiomass_quervelu_{timestep}.img" filePath="output/agbiomass/AGBiomass_quervelu_{timestep}.img" visualize="True" unit="" dataType="Continuous" /><output type="Map" name="output/agbiomass/AGBiomass_thujocci_{timestep}.img" filePath="output/agbiomass/AGBiomass_thujocci_{timestep}.img" visualize="True" unit="" dataType="Continuous" /><output type="Map" name="output/agbiomass/AGBiomass_tiliamer_{timestep}.img" filePath="output/agbiomass/AGBiomass_tiliamer_{timestep}.img" visualize="True" unit="" dataType="Continuous" /><output type="Map" name="output/agbiomass/AGBiomass_tsugcana_{timestep}.img" filePath="output/agbiomass/AGBiomass_tsugcana_{timestep}.img" visualize="True" unit="" dataType="Continuous" /><output type="Map" name="output/agbiomass/AGBiomass_ulmuamer_{timestep}.img" filePath="output/agbiomass/AGBiomass_ulmuamer_{timestep}.img" visualize="True" unit="" dataType="Continuous" /><output type="Map" name="output/SoilWater/water0.img" filePath="output/SoilWater/water0.img" visualize="True" unit="" dataType="Continuous" /></outputs></extension></landisMetadata>
