<landisMetadata><extension name="Base Wind" timeInterval="1"><scenario-replication timeMin="0" timeMax="80" rasterOutCellArea="1" /><outputs><output type="Table" name="WindLog" filePath="wind-events-log.csv" visualize="False" MetadataFilePath="Metadata\Base Wind\WindLog_Metadata.xml" /><output type="Table" name="WindSummaryLog" filePath="wind-summary-log.csv" visualize="True" MetadataFilePath="Metadata\Base Wind\WindSummaryLog_Metadata.xml" /><output type="Map" name="severity" filePath="output/wind/severity-{timestep}.img" visualize="True" unit="severity (1-5)" dataType="Ordinal" /></outputs></extension></landisMetadata>
